case_id,interval_start,recorded_load_mw,source_archive_sha256
summer-2023,2023-08-09T00:00:00-05:00,63272.123,34e7067d3273f56be42ce469e23747cff0db736d668519070ad63674c3ddecd4
summer-2023,2023-08-09T01:00:00-05:00,60568.974,34e7067d3273f56be42ce469e23747cff0db736d668519070ad63674c3ddecd4
summer-2023,2023-08-09T02:00:00-05:00,58453.38,34e7067d3273f56be42ce469e23747cff0db736d668519070ad63674c3ddecd4
summer-2023,2023-08-09T03:00:00-05:00,57070.268,34e7067d3273f56be42ce469e23747cff0db736d668519070ad63674c3ddecd4
summer-2023,2023-08-09T04:00:00-05:00,56437.177,34e7067d3273f56be42ce469e23747cff0db736d668519070ad63674c3ddecd4
summer-2023,2023-08-09T05:00:00-05:00,56971.76,34e7067d3273f56be42ce469e23747cff0db736d668519070ad63674c3ddecd4
summer-2023,2023-08-09T06:00:00-05:00,57980.801,34e7067d3273f56be42ce469e23747cff0db736d668519070ad63674c3ddecd4
summer-2023,2023-08-09T07:00:00-05:00,58160.167,34e7067d3273f56be42ce469e23747cff0db736d668519070ad63674c3ddecd4
summer-2023,2023-08-09T08:00:00-05:00,60549.636,34e7067d3273f56be42ce469e23747cff0db736d668519070ad63674c3ddecd4
summer-2023,2023-08-09T09:00:00-05:00,64438.959,34e7067d3273f56be42ce469e23747cff0db736d668519070ad63674c3ddecd4
summer-2023,2023-08-09T10:00:00-05:00,68599.183,34e7067d3273f56be42ce469e23747cff0db736d668519070ad63674c3ddecd4
summer-2023,2023-08-09T11:00:00-05:00,73095.136,34e7067d3273f56be42ce469e23747cff0db736d668519070ad63674c3ddecd4
summer-2023,2023-08-09T12:00:00-05:00,77107.798,34e7067d3273f56be42ce469e23747cff0db736d668519070ad63674c3ddecd4
summer-2023,2023-08-09T13:00:00-05:00,80551.692,34e7067d3273f56be42ce469e23747cff0db736d668519070ad63674c3ddecd4
summer-2023,2023-08-09T14:00:00-05:00,82811.827,34e7067d3273f56be42ce469e23747cff0db736d668519070ad63674c3ddecd4
summer-2023,2023-08-09T15:00:00-05:00,83286.467,34e7067d3273f56be42ce469e23747cff0db736d668519070ad63674c3ddecd4
summer-2023,2023-08-09T16:00:00-05:00,83660.857,34e7067d3273f56be42ce469e23747cff0db736d668519070ad63674c3ddecd4
summer-2023,2023-08-09T17:00:00-05:00,83735.957,34e7067d3273f56be42ce469e23747cff0db736d668519070ad63674c3ddecd4
summer-2023,2023-08-09T18:00:00-05:00,82903.587,34e7067d3273f56be42ce469e23747cff0db736d668519070ad63674c3ddecd4
summer-2023,2023-08-09T19:00:00-05:00,80434.89,34e7067d3273f56be42ce469e23747cff0db736d668519070ad63674c3ddecd4
summer-2023,2023-08-09T20:00:00-05:00,77864.094,34e7067d3273f56be42ce469e23747cff0db736d668519070ad63674c3ddecd4
summer-2023,2023-08-09T21:00:00-05:00,75509.001,34e7067d3273f56be42ce469e23747cff0db736d668519070ad63674c3ddecd4
summer-2023,2023-08-09T22:00:00-05:00,71135.186,34e7067d3273f56be42ce469e23747cff0db736d668519070ad63674c3ddecd4
summer-2023,2023-08-09T23:00:00-05:00,67010.012,34e7067d3273f56be42ce469e23747cff0db736d668519070ad63674c3ddecd4
summer-2023,2023-08-10T00:00:00-05:00,63435.675,34e7067d3273f56be42ce469e23747cff0db736d668519070ad63674c3ddecd4
summer-2023,2023-08-10T01:00:00-05:00,60815.828,34e7067d3273f56be42ce469e23747cff0db736d668519070ad63674c3ddecd4
summer-2023,2023-08-10T02:00:00-05:00,58790.72,34e7067d3273f56be42ce469e23747cff0db736d668519070ad63674c3ddecd4
summer-2023,2023-08-10T03:00:00-05:00,57314.831,34e7067d3273f56be42ce469e23747cff0db736d668519070ad63674c3ddecd4
summer-2023,2023-08-10T04:00:00-05:00,56630.248,34e7067d3273f56be42ce469e23747cff0db736d668519070ad63674c3ddecd4
summer-2023,2023-08-10T05:00:00-05:00,56820.717,34e7067d3273f56be42ce469e23747cff0db736d668519070ad63674c3ddecd4
summer-2023,2023-08-10T06:00:00-05:00,57736.913,34e7067d3273f56be42ce469e23747cff0db736d668519070ad63674c3ddecd4
summer-2023,2023-08-10T07:00:00-05:00,57844.489,34e7067d3273f56be42ce469e23747cff0db736d668519070ad63674c3ddecd4
summer-2023,2023-08-10T08:00:00-05:00,60181.046,34e7067d3273f56be42ce469e23747cff0db736d668519070ad63674c3ddecd4
summer-2023,2023-08-10T09:00:00-05:00,64163.657,34e7067d3273f56be42ce469e23747cff0db736d668519070ad63674c3ddecd4
summer-2023,2023-08-10T10:00:00-05:00,68741.681,34e7067d3273f56be42ce469e23747cff0db736d668519070ad63674c3ddecd4
summer-2023,2023-08-10T11:00:00-05:00,73481.437,34e7067d3273f56be42ce469e23747cff0db736d668519070ad63674c3ddecd4
summer-2023,2023-08-10T12:00:00-05:00,77853.381,34e7067d3273f56be42ce469e23747cff0db736d668519070ad63674c3ddecd4
summer-2023,2023-08-10T13:00:00-05:00,81355.2,34e7067d3273f56be42ce469e23747cff0db736d668519070ad63674c3ddecd4
summer-2023,2023-08-10T14:00:00-05:00,83433.984,34e7067d3273f56be42ce469e23747cff0db736d668519070ad63674c3ddecd4
summer-2023,2023-08-10T15:00:00-05:00,84660.62,34e7067d3273f56be42ce469e23747cff0db736d668519070ad63674c3ddecd4
summer-2023,2023-08-10T16:00:00-05:00,85302.245,34e7067d3273f56be42ce469e23747cff0db736d668519070ad63674c3ddecd4
summer-2023,2023-08-10T17:00:00-05:00,85464.116,34e7067d3273f56be42ce469e23747cff0db736d668519070ad63674c3ddecd4
summer-2023,2023-08-10T18:00:00-05:00,84432.08,34e7067d3273f56be42ce469e23747cff0db736d668519070ad63674c3ddecd4
summer-2023,2023-08-10T19:00:00-05:00,81857.58,34e7067d3273f56be42ce469e23747cff0db736d668519070ad63674c3ddecd4
summer-2023,2023-08-10T20:00:00-05:00,79321.759,34e7067d3273f56be42ce469e23747cff0db736d668519070ad63674c3ddecd4
summer-2023,2023-08-10T21:00:00-05:00,77348.466,34e7067d3273f56be42ce469e23747cff0db736d668519070ad63674c3ddecd4
summer-2023,2023-08-10T22:00:00-05:00,73279.658,34e7067d3273f56be42ce469e23747cff0db736d668519070ad63674c3ddecd4
summer-2023,2023-08-10T23:00:00-05:00,69073.634,34e7067d3273f56be42ce469e23747cff0db736d668519070ad63674c3ddecd4
summer-2023,2023-08-11T00:00:00-05:00,65290.331,34e7067d3273f56be42ce469e23747cff0db736d668519070ad63674c3ddecd4
summer-2023,2023-08-11T01:00:00-05:00,62335.779,34e7067d3273f56be42ce469e23747cff0db736d668519070ad63674c3ddecd4
summer-2023,2023-08-11T02:00:00-05:00,60029.407,34e7067d3273f56be42ce469e23747cff0db736d668519070ad63674c3ddecd4
summer-2023,2023-08-11T03:00:00-05:00,58610.551,34e7067d3273f56be42ce469e23747cff0db736d668519070ad63674c3ddecd4
summer-2023,2023-08-11T04:00:00-05:00,58001.636,34e7067d3273f56be42ce469e23747cff0db736d668519070ad63674c3ddecd4
summer-2023,2023-08-11T05:00:00-05:00,58325.039,34e7067d3273f56be42ce469e23747cff0db736d668519070ad63674c3ddecd4
summer-2023,2023-08-11T06:00:00-05:00,59179.875,34e7067d3273f56be42ce469e23747cff0db736d668519070ad63674c3ddecd4
summer-2023,2023-08-11T07:00:00-05:00,59309.78,34e7067d3273f56be42ce469e23747cff0db736d668519070ad63674c3ddecd4
summer-2023,2023-08-11T08:00:00-05:00,61545.275,34e7067d3273f56be42ce469e23747cff0db736d668519070ad63674c3ddecd4
summer-2023,2023-08-11T09:00:00-05:00,65368.376,34e7067d3273f56be42ce469e23747cff0db736d668519070ad63674c3ddecd4
summer-2023,2023-08-11T10:00:00-05:00,70021.384,34e7067d3273f56be42ce469e23747cff0db736d668519070ad63674c3ddecd4
summer-2023,2023-08-11T11:00:00-05:00,74195.268,34e7067d3273f56be42ce469e23747cff0db736d668519070ad63674c3ddecd4
summer-2023,2023-08-11T12:00:00-05:00,78037.645,34e7067d3273f56be42ce469e23747cff0db736d668519070ad63674c3ddecd4
summer-2023,2023-08-11T13:00:00-05:00,81590.171,34e7067d3273f56be42ce469e23747cff0db736d668519070ad63674c3ddecd4
summer-2023,2023-08-11T14:00:00-05:00,83765.528,34e7067d3273f56be42ce469e23747cff0db736d668519070ad63674c3ddecd4
summer-2023,2023-08-11T15:00:00-05:00,84776.673,34e7067d3273f56be42ce469e23747cff0db736d668519070ad63674c3ddecd4
summer-2023,2023-08-11T16:00:00-05:00,85037.849,34e7067d3273f56be42ce469e23747cff0db736d668519070ad63674c3ddecd4
summer-2023,2023-08-11T17:00:00-05:00,84492.216,34e7067d3273f56be42ce469e23747cff0db736d668519070ad63674c3ddecd4
summer-2023,2023-08-11T18:00:00-05:00,82970.828,34e7067d3273f56be42ce469e23747cff0db736d668519070ad63674c3ddecd4
summer-2023,2023-08-11T19:00:00-05:00,80159.007,34e7067d3273f56be42ce469e23747cff0db736d668519070ad63674c3ddecd4
summer-2023,2023-08-11T20:00:00-05:00,77663.925,34e7067d3273f56be42ce469e23747cff0db736d668519070ad63674c3ddecd4
summer-2023,2023-08-11T21:00:00-05:00,75592.437,34e7067d3273f56be42ce469e23747cff0db736d668519070ad63674c3ddecd4
summer-2023,2023-08-11T22:00:00-05:00,71910.578,34e7067d3273f56be42ce469e23747cff0db736d668519070ad63674c3ddecd4
summer-2023,2023-08-11T23:00:00-05:00,67979.766,34e7067d3273f56be42ce469e23747cff0db736d668519070ad63674c3ddecd4
spring-2023,2023-04-10T00:00:00-05:00,35737.313,34e7067d3273f56be42ce469e23747cff0db736d668519070ad63674c3ddecd4
spring-2023,2023-04-10T01:00:00-05:00,34518.935,34e7067d3273f56be42ce469e23747cff0db736d668519070ad63674c3ddecd4
spring-2023,2023-04-10T02:00:00-05:00,33697.257,34e7067d3273f56be42ce469e23747cff0db736d668519070ad63674c3ddecd4
spring-2023,2023-04-10T03:00:00-05:00,33430.592,34e7067d3273f56be42ce469e23747cff0db736d668519070ad63674c3ddecd4
spring-2023,2023-04-10T04:00:00-05:00,34049.399,34e7067d3273f56be42ce469e23747cff0db736d668519070ad63674c3ddecd4
spring-2023,2023-04-10T05:00:00-05:00,35497.593,34e7067d3273f56be42ce469e23747cff0db736d668519070ad63674c3ddecd4
spring-2023,2023-04-10T06:00:00-05:00,38043.112,34e7067d3273f56be42ce469e23747cff0db736d668519070ad63674c3ddecd4
spring-2023,2023-04-10T07:00:00-05:00,39518.477,34e7067d3273f56be42ce469e23747cff0db736d668519070ad63674c3ddecd4
spring-2023,2023-04-10T08:00:00-05:00,40437.306,34e7067d3273f56be42ce469e23747cff0db736d668519070ad63674c3ddecd4
spring-2023,2023-04-10T09:00:00-05:00,41300.598,34e7067d3273f56be42ce469e23747cff0db736d668519070ad63674c3ddecd4
spring-2023,2023-04-10T10:00:00-05:00,42118.278,34e7067d3273f56be42ce469e23747cff0db736d668519070ad63674c3ddecd4
spring-2023,2023-04-10T11:00:00-05:00,43095.885,34e7067d3273f56be42ce469e23747cff0db736d668519070ad63674c3ddecd4
spring-2023,2023-04-10T12:00:00-05:00,43765.598,34e7067d3273f56be42ce469e23747cff0db736d668519070ad63674c3ddecd4
spring-2023,2023-04-10T13:00:00-05:00,44396.431,34e7067d3273f56be42ce469e23747cff0db736d668519070ad63674c3ddecd4
spring-2023,2023-04-10T14:00:00-05:00,44663.987,34e7067d3273f56be42ce469e23747cff0db736d668519070ad63674c3ddecd4
spring-2023,2023-04-10T15:00:00-05:00,44681.401,34e7067d3273f56be42ce469e23747cff0db736d668519070ad63674c3ddecd4
spring-2023,2023-04-10T16:00:00-05:00,44971.569,34e7067d3273f56be42ce469e23747cff0db736d668519070ad63674c3ddecd4
spring-2023,2023-04-10T17:00:00-05:00,45081.288,34e7067d3273f56be42ce469e23747cff0db736d668519070ad63674c3ddecd4
spring-2023,2023-04-10T18:00:00-05:00,45006.853,34e7067d3273f56be42ce469e23747cff0db736d668519070ad63674c3ddecd4
spring-2023,2023-04-10T19:00:00-05:00,44930.123,34e7067d3273f56be42ce469e23747cff0db736d668519070ad63674c3ddecd4
spring-2023,2023-04-10T20:00:00-05:00,45206.016,34e7067d3273f56be42ce469e23747cff0db736d668519070ad63674c3ddecd4
spring-2023,2023-04-10T21:00:00-05:00,44358.788,34e7067d3273f56be42ce469e23747cff0db736d668519070ad63674c3ddecd4
spring-2023,2023-04-10T22:00:00-05:00,41807.186,34e7067d3273f56be42ce469e23747cff0db736d668519070ad63674c3ddecd4
spring-2023,2023-04-10T23:00:00-05:00,39243.43,34e7067d3273f56be42ce469e23747cff0db736d668519070ad63674c3ddecd4
spring-2023,2023-04-11T00:00:00-05:00,37316.51,34e7067d3273f56be42ce469e23747cff0db736d668519070ad63674c3ddecd4
spring-2023,2023-04-11T01:00:00-05:00,35813.466,34e7067d3273f56be42ce469e23747cff0db736d668519070ad63674c3ddecd4
spring-2023,2023-04-11T02:00:00-05:00,34982.685,34e7067d3273f56be42ce469e23747cff0db736d668519070ad63674c3ddecd4
spring-2023,2023-04-11T03:00:00-05:00,34608.057,34e7067d3273f56be42ce469e23747cff0db736d668519070ad63674c3ddecd4
spring-2023,2023-04-11T04:00:00-05:00,35112.814,34e7067d3273f56be42ce469e23747cff0db736d668519070ad63674c3ddecd4
spring-2023,2023-04-11T05:00:00-05:00,36774.132,34e7067d3273f56be42ce469e23747cff0db736d668519070ad63674c3ddecd4
spring-2023,2023-04-11T06:00:00-05:00,39625.452,34e7067d3273f56be42ce469e23747cff0db736d668519070ad63674c3ddecd4
spring-2023,2023-04-11T07:00:00-05:00,40758.448,34e7067d3273f56be42ce469e23747cff0db736d668519070ad63674c3ddecd4
spring-2023,2023-04-11T08:00:00-05:00,41070.192,34e7067d3273f56be42ce469e23747cff0db736d668519070ad63674c3ddecd4
spring-2023,2023-04-11T09:00:00-05:00,41654.057,34e7067d3273f56be42ce469e23747cff0db736d668519070ad63674c3ddecd4
spring-2023,2023-04-11T10:00:00-05:00,42342.582,34e7067d3273f56be42ce469e23747cff0db736d668519070ad63674c3ddecd4
spring-2023,2023-04-11T11:00:00-05:00,43013.834,34e7067d3273f56be42ce469e23747cff0db736d668519070ad63674c3ddecd4
spring-2023,2023-04-11T12:00:00-05:00,43844.257,34e7067d3273f56be42ce469e23747cff0db736d668519070ad63674c3ddecd4
spring-2023,2023-04-11T13:00:00-05:00,44681.274,34e7067d3273f56be42ce469e23747cff0db736d668519070ad63674c3ddecd4
spring-2023,2023-04-11T14:00:00-05:00,45461.004,34e7067d3273f56be42ce469e23747cff0db736d668519070ad63674c3ddecd4
spring-2023,2023-04-11T15:00:00-05:00,46238.011,34e7067d3273f56be42ce469e23747cff0db736d668519070ad63674c3ddecd4
spring-2023,2023-04-11T16:00:00-05:00,47314.509,34e7067d3273f56be42ce469e23747cff0db736d668519070ad63674c3ddecd4
spring-2023,2023-04-11T17:00:00-05:00,47837.926,34e7067d3273f56be42ce469e23747cff0db736d668519070ad63674c3ddecd4
spring-2023,2023-04-11T18:00:00-05:00,47544.475,34e7067d3273f56be42ce469e23747cff0db736d668519070ad63674c3ddecd4
spring-2023,2023-04-11T19:00:00-05:00,46896.17,34e7067d3273f56be42ce469e23747cff0db736d668519070ad63674c3ddecd4
spring-2023,2023-04-11T20:00:00-05:00,46957.153,34e7067d3273f56be42ce469e23747cff0db736d668519070ad63674c3ddecd4
spring-2023,2023-04-11T21:00:00-05:00,45739.071,34e7067d3273f56be42ce469e23747cff0db736d668519070ad63674c3ddecd4
spring-2023,2023-04-11T22:00:00-05:00,42821.098,34e7067d3273f56be42ce469e23747cff0db736d668519070ad63674c3ddecd4
spring-2023,2023-04-11T23:00:00-05:00,39684.596,34e7067d3273f56be42ce469e23747cff0db736d668519070ad63674c3ddecd4
spring-2023,2023-04-12T00:00:00-05:00,37371.65,34e7067d3273f56be42ce469e23747cff0db736d668519070ad63674c3ddecd4
spring-2023,2023-04-12T01:00:00-05:00,35957.579,34e7067d3273f56be42ce469e23747cff0db736d668519070ad63674c3ddecd4
spring-2023,2023-04-12T02:00:00-05:00,35036.753,34e7067d3273f56be42ce469e23747cff0db736d668519070ad63674c3ddecd4
spring-2023,2023-04-12T03:00:00-05:00,34687.149,34e7067d3273f56be42ce469e23747cff0db736d668519070ad63674c3ddecd4
spring-2023,2023-04-12T04:00:00-05:00,35070.645,34e7067d3273f56be42ce469e23747cff0db736d668519070ad63674c3ddecd4
spring-2023,2023-04-12T05:00:00-05:00,36760.646,34e7067d3273f56be42ce469e23747cff0db736d668519070ad63674c3ddecd4
spring-2023,2023-04-12T06:00:00-05:00,39755.964,34e7067d3273f56be42ce469e23747cff0db736d668519070ad63674c3ddecd4
spring-2023,2023-04-12T07:00:00-05:00,40824.145,34e7067d3273f56be42ce469e23747cff0db736d668519070ad63674c3ddecd4
spring-2023,2023-04-12T08:00:00-05:00,41160.481,34e7067d3273f56be42ce469e23747cff0db736d668519070ad63674c3ddecd4
spring-2023,2023-04-12T09:00:00-05:00,41708.409,34e7067d3273f56be42ce469e23747cff0db736d668519070ad63674c3ddecd4
spring-2023,2023-04-12T10:00:00-05:00,42446.385,34e7067d3273f56be42ce469e23747cff0db736d668519070ad63674c3ddecd4
spring-2023,2023-04-12T11:00:00-05:00,43237.389,34e7067d3273f56be42ce469e23747cff0db736d668519070ad63674c3ddecd4
spring-2023,2023-04-12T12:00:00-05:00,44250.911,34e7067d3273f56be42ce469e23747cff0db736d668519070ad63674c3ddecd4
spring-2023,2023-04-12T13:00:00-05:00,45387.628,34e7067d3273f56be42ce469e23747cff0db736d668519070ad63674c3ddecd4
spring-2023,2023-04-12T14:00:00-05:00,46564.053,34e7067d3273f56be42ce469e23747cff0db736d668519070ad63674c3ddecd4
spring-2023,2023-04-12T15:00:00-05:00,47634.085,34e7067d3273f56be42ce469e23747cff0db736d668519070ad63674c3ddecd4
spring-2023,2023-04-12T16:00:00-05:00,48392.288,34e7067d3273f56be42ce469e23747cff0db736d668519070ad63674c3ddecd4
spring-2023,2023-04-12T17:00:00-05:00,48658.864,34e7067d3273f56be42ce469e23747cff0db736d668519070ad63674c3ddecd4
spring-2023,2023-04-12T18:00:00-05:00,48278.15,34e7067d3273f56be42ce469e23747cff0db736d668519070ad63674c3ddecd4
spring-2023,2023-04-12T19:00:00-05:00,47407.713,34e7067d3273f56be42ce469e23747cff0db736d668519070ad63674c3ddecd4
spring-2023,2023-04-12T20:00:00-05:00,47264.36,34e7067d3273f56be42ce469e23747cff0db736d668519070ad63674c3ddecd4
spring-2023,2023-04-12T21:00:00-05:00,46043.635,34e7067d3273f56be42ce469e23747cff0db736d668519070ad63674c3ddecd4
spring-2023,2023-04-12T22:00:00-05:00,43310.895,34e7067d3273f56be42ce469e23747cff0db736d668519070ad63674c3ddecd4
spring-2023,2023-04-12T23:00:00-05:00,40129.932,34e7067d3273f56be42ce469e23747cff0db736d668519070ad63674c3ddecd4
winter-2021,2021-02-14T00:00:00-06:00,55282.612,63d77e711fbcf838aff1666df475cd86a1fa939ad8aecd60a1bfe5039c4e5b91
winter-2021,2021-02-14T01:00:00-06:00,54746.708,63d77e711fbcf838aff1666df475cd86a1fa939ad8aecd60a1bfe5039c4e5b91
winter-2021,2021-02-14T02:00:00-06:00,54701.39,63d77e711fbcf838aff1666df475cd86a1fa939ad8aecd60a1bfe5039c4e5b91
winter-2021,2021-02-14T03:00:00-06:00,55005.102,63d77e711fbcf838aff1666df475cd86a1fa939ad8aecd60a1bfe5039c4e5b91
winter-2021,2021-02-14T04:00:00-06:00,55630.169,63d77e711fbcf838aff1666df475cd86a1fa939ad8aecd60a1bfe5039c4e5b91
winter-2021,2021-02-14T05:00:00-06:00,56680.454,63d77e711fbcf838aff1666df475cd86a1fa939ad8aecd60a1bfe5039c4e5b91
winter-2021,2021-02-14T06:00:00-06:00,58071.474,63d77e711fbcf838aff1666df475cd86a1fa939ad8aecd60a1bfe5039c4e5b91
winter-2021,2021-02-14T07:00:00-06:00,59511.077,63d77e711fbcf838aff1666df475cd86a1fa939ad8aecd60a1bfe5039c4e5b91
winter-2021,2021-02-14T08:00:00-06:00,61299.993,63d77e711fbcf838aff1666df475cd86a1fa939ad8aecd60a1bfe5039c4e5b91
winter-2021,2021-02-14T09:00:00-06:00,63072.424,63d77e711fbcf838aff1666df475cd86a1fa939ad8aecd60a1bfe5039c4e5b91
winter-2021,2021-02-14T10:00:00-06:00,64185.234,63d77e711fbcf838aff1666df475cd86a1fa939ad8aecd60a1bfe5039c4e5b91
winter-2021,2021-02-14T11:00:00-06:00,64864.156,63d77e711fbcf838aff1666df475cd86a1fa939ad8aecd60a1bfe5039c4e5b91
winter-2021,2021-02-14T12:00:00-06:00,65047.452,63d77e711fbcf838aff1666df475cd86a1fa939ad8aecd60a1bfe5039c4e5b91
winter-2021,2021-02-14T13:00:00-06:00,65028.901,63d77e711fbcf838aff1666df475cd86a1fa939ad8aecd60a1bfe5039c4e5b91
winter-2021,2021-02-14T14:00:00-06:00,65188.549,63d77e711fbcf838aff1666df475cd86a1fa939ad8aecd60a1bfe5039c4e5b91
winter-2021,2021-02-14T15:00:00-06:00,65556.735,63d77e711fbcf838aff1666df475cd86a1fa939ad8aecd60a1bfe5039c4e5b91
winter-2021,2021-02-14T16:00:00-06:00,66468.018,63d77e711fbcf838aff1666df475cd86a1fa939ad8aecd60a1bfe5039c4e5b91
winter-2021,2021-02-14T17:00:00-06:00,68094.825,63d77e711fbcf838aff1666df475cd86a1fa939ad8aecd60a1bfe5039c4e5b91
winter-2021,2021-02-14T18:00:00-06:00,69635.087,63d77e711fbcf838aff1666df475cd86a1fa939ad8aecd60a1bfe5039c4e5b91
winter-2021,2021-02-14T19:00:00-06:00,69692.485,63d77e711fbcf838aff1666df475cd86a1fa939ad8aecd60a1bfe5039c4e5b91
winter-2021,2021-02-14T20:00:00-06:00,69324.247,63d77e711fbcf838aff1666df475cd86a1fa939ad8aecd60a1bfe5039c4e5b91
winter-2021,2021-02-14T21:00:00-06:00,68473.934,63d77e711fbcf838aff1666df475cd86a1fa939ad8aecd60a1bfe5039c4e5b91
winter-2021,2021-02-14T22:00:00-06:00,67200.98,63d77e711fbcf838aff1666df475cd86a1fa939ad8aecd60a1bfe5039c4e5b91
winter-2021,2021-02-14T23:00:00-06:00,66270.516,63d77e711fbcf838aff1666df475cd86a1fa939ad8aecd60a1bfe5039c4e5b91
winter-2021,2021-02-15T00:00:00-06:00,65777.077,63d77e711fbcf838aff1666df475cd86a1fa939ad8aecd60a1bfe5039c4e5b91
winter-2021,2021-02-15T01:00:00-06:00,63910.401,63d77e711fbcf838aff1666df475cd86a1fa939ad8aecd60a1bfe5039c4e5b91
winter-2021,2021-02-15T02:00:00-06:00,53982.966,63d77e711fbcf838aff1666df475cd86a1fa939ad8aecd60a1bfe5039c4e5b91
winter-2021,2021-02-15T03:00:00-06:00,54102.714,63d77e711fbcf838aff1666df475cd86a1fa939ad8aecd60a1bfe5039c4e5b91
winter-2021,2021-02-15T04:00:00-06:00,54522.956,63d77e711fbcf838aff1666df475cd86a1fa939ad8aecd60a1bfe5039c4e5b91
winter-2021,2021-02-15T05:00:00-06:00,51839.58,63d77e711fbcf838aff1666df475cd86a1fa939ad8aecd60a1bfe5039c4e5b91
winter-2021,2021-02-15T06:00:00-06:00,51147.726,63d77e711fbcf838aff1666df475cd86a1fa939ad8aecd60a1bfe5039c4e5b91
winter-2021,2021-02-15T07:00:00-06:00,51220.191,63d77e711fbcf838aff1666df475cd86a1fa939ad8aecd60a1bfe5039c4e5b91
winter-2021,2021-02-15T08:00:00-06:00,49646.299,63d77e711fbcf838aff1666df475cd86a1fa939ad8aecd60a1bfe5039c4e5b91
winter-2021,2021-02-15T09:00:00-06:00,49443.179,63d77e711fbcf838aff1666df475cd86a1fa939ad8aecd60a1bfe5039c4e5b91
winter-2021,2021-02-15T10:00:00-06:00,48615.527,63d77e711fbcf838aff1666df475cd86a1fa939ad8aecd60a1bfe5039c4e5b91
winter-2021,2021-02-15T11:00:00-06:00,47548.021,63d77e711fbcf838aff1666df475cd86a1fa939ad8aecd60a1bfe5039c4e5b91
winter-2021,2021-02-15T12:00:00-06:00,46197.976,63d77e711fbcf838aff1666df475cd86a1fa939ad8aecd60a1bfe5039c4e5b91
winter-2021,2021-02-15T13:00:00-06:00,45423.548,63d77e711fbcf838aff1666df475cd86a1fa939ad8aecd60a1bfe5039c4e5b91
winter-2021,2021-02-15T14:00:00-06:00,45100.613,63d77e711fbcf838aff1666df475cd86a1fa939ad8aecd60a1bfe5039c4e5b91
winter-2021,2021-02-15T15:00:00-06:00,45416.829,63d77e711fbcf838aff1666df475cd86a1fa939ad8aecd60a1bfe5039c4e5b91
winter-2021,2021-02-15T16:00:00-06:00,45767.296,63d77e711fbcf838aff1666df475cd86a1fa939ad8aecd60a1bfe5039c4e5b91
winter-2021,2021-02-15T17:00:00-06:00,45425.706,63d77e711fbcf838aff1666df475cd86a1fa939ad8aecd60a1bfe5039c4e5b91
winter-2021,2021-02-15T18:00:00-06:00,45061.707,63d77e711fbcf838aff1666df475cd86a1fa939ad8aecd60a1bfe5039c4e5b91
winter-2021,2021-02-15T19:00:00-06:00,44257.287,63d77e711fbcf838aff1666df475cd86a1fa939ad8aecd60a1bfe5039c4e5b91
winter-2021,2021-02-15T20:00:00-06:00,44364.439,63d77e711fbcf838aff1666df475cd86a1fa939ad8aecd60a1bfe5039c4e5b91
winter-2021,2021-02-15T21:00:00-06:00,44894.441,63d77e711fbcf838aff1666df475cd86a1fa939ad8aecd60a1bfe5039c4e5b91
winter-2021,2021-02-15T22:00:00-06:00,44100.045,63d77e711fbcf838aff1666df475cd86a1fa939ad8aecd60a1bfe5039c4e5b91
winter-2021,2021-02-15T23:00:00-06:00,43704.295,63d77e711fbcf838aff1666df475cd86a1fa939ad8aecd60a1bfe5039c4e5b91
winter-2021,2021-02-16T00:00:00-06:00,44070.049,63d77e711fbcf838aff1666df475cd86a1fa939ad8aecd60a1bfe5039c4e5b91
winter-2021,2021-02-16T01:00:00-06:00,44524.149,63d77e711fbcf838aff1666df475cd86a1fa939ad8aecd60a1bfe5039c4e5b91
winter-2021,2021-02-16T02:00:00-06:00,45258.654,63d77e711fbcf838aff1666df475cd86a1fa939ad8aecd60a1bfe5039c4e5b91
winter-2021,2021-02-16T03:00:00-06:00,46108.298,63d77e711fbcf838aff1666df475cd86a1fa939ad8aecd60a1bfe5039c4e5b91
winter-2021,2021-02-16T04:00:00-06:00,45598.004,63d77e711fbcf838aff1666df475cd86a1fa939ad8aecd60a1bfe5039c4e5b91
winter-2021,2021-02-16T05:00:00-06:00,45681.929,63d77e711fbcf838aff1666df475cd86a1fa939ad8aecd60a1bfe5039c4e5b91
winter-2021,2021-02-16T06:00:00-06:00,46501.875,63d77e711fbcf838aff1666df475cd86a1fa939ad8aecd60a1bfe5039c4e5b91
winter-2021,2021-02-16T07:00:00-06:00,46796.658,63d77e711fbcf838aff1666df475cd86a1fa939ad8aecd60a1bfe5039c4e5b91
winter-2021,2021-02-16T08:00:00-06:00,45855.511,63d77e711fbcf838aff1666df475cd86a1fa939ad8aecd60a1bfe5039c4e5b91
winter-2021,2021-02-16T09:00:00-06:00,44947.878,63d77e711fbcf838aff1666df475cd86a1fa939ad8aecd60a1bfe5039c4e5b91
winter-2021,2021-02-16T10:00:00-06:00,44196.114,63d77e711fbcf838aff1666df475cd86a1fa939ad8aecd60a1bfe5039c4e5b91
winter-2021,2021-02-16T11:00:00-06:00,44291.851,63d77e711fbcf838aff1666df475cd86a1fa939ad8aecd60a1bfe5039c4e5b91
winter-2021,2021-02-16T12:00:00-06:00,44273.062,63d77e711fbcf838aff1666df475cd86a1fa939ad8aecd60a1bfe5039c4e5b91
winter-2021,2021-02-16T13:00:00-06:00,43977.836,63d77e711fbcf838aff1666df475cd86a1fa939ad8aecd60a1bfe5039c4e5b91
winter-2021,2021-02-16T14:00:00-06:00,45176.698,63d77e711fbcf838aff1666df475cd86a1fa939ad8aecd60a1bfe5039c4e5b91
winter-2021,2021-02-16T15:00:00-06:00,45569.701,63d77e711fbcf838aff1666df475cd86a1fa939ad8aecd60a1bfe5039c4e5b91
winter-2021,2021-02-16T16:00:00-06:00,46123.615,63d77e711fbcf838aff1666df475cd86a1fa939ad8aecd60a1bfe5039c4e5b91
winter-2021,2021-02-16T17:00:00-06:00,46562.497,63d77e711fbcf838aff1666df475cd86a1fa939ad8aecd60a1bfe5039c4e5b91
winter-2021,2021-02-16T18:00:00-06:00,45843.067,63d77e711fbcf838aff1666df475cd86a1fa939ad8aecd60a1bfe5039c4e5b91
winter-2021,2021-02-16T19:00:00-06:00,45498.773,63d77e711fbcf838aff1666df475cd86a1fa939ad8aecd60a1bfe5039c4e5b91
winter-2021,2021-02-16T20:00:00-06:00,45306.602,63d77e711fbcf838aff1666df475cd86a1fa939ad8aecd60a1bfe5039c4e5b91
winter-2021,2021-02-16T21:00:00-06:00,44392.86,63d77e711fbcf838aff1666df475cd86a1fa939ad8aecd60a1bfe5039c4e5b91
winter-2021,2021-02-16T22:00:00-06:00,43538.402,63d77e711fbcf838aff1666df475cd86a1fa939ad8aecd60a1bfe5039c4e5b91
winter-2021,2021-02-16T23:00:00-06:00,42691.437,63d77e711fbcf838aff1666df475cd86a1fa939ad8aecd60a1bfe5039c4e5b91
